Anchor_Ratio,Transmission_Range,Node_Density,Step_Size,Iterations,ESLE
0.3,17.25,0.01,0.9,90,0.987862022
0.15,17.25,0.01,0.9,90,0.919094514
0.3,17.25,0.01,1,90,0.997740643
0.15,17.25,0.01,1,90,0.928285459
0.3,17.25,0.01,1.2,90,1.000704229
0.15,17.25,0.01,1.2,90,0.931042742
0.15,23,0.01,0.9,90,1.076681106
0.3,23,0.01,0.9,90,0.878764887